{
  "env_name": "lift",
  "env_id": "Lift",
  "policy_type": "mlp",
  "num_trials": 50,
  "mean_reward": 137.86181055920136,
  "std_reward": 34.96471406371027,
  "success_rate": 0.0,
  "mean_episode_length": 500.0,
  "episode_rewards": [
    148.77404193403453,
    174.1994112866523,
    131.04586007223222,
    99.16472354281629,
    76.90956573158799,
    107.44162657842517,
    179.27014031491052,
    196.11461486630625,
    132.26759742640863,
    143.39432062369323,
    167.54390175598422,
    109.09597340695825,
    81.44732145832664,
    94.271323599182,
    131.51283586016382,
    180.97137952323476,
    119.5875868221217,
    182.9579750157587,
    131.31008948727927,
    86.47994427828115,
    125.337474887879,
    112.70335599781312,
    138.74945276894647,
    137.63950625557206,
    132.26202363624088,
    162.73497732979982,
    154.06698253215475,
    99.88906051311413,
    101.97227440237643,
    89.8166127835794,
    155.13735395744558,
    176.8708249360893,
    129.2090966261099,
    137.05387781979334,
    122.52047378610781,
    193.4983751859192,
    83.83747910357751,
    98.5764295017511,
    169.38668247276271,
    165.5190004428417,
    188.9461116178743,
    141.47693393599994,
    174.49875348440347,
    91.92874847830076,
    197.26847628754388,
    178.02347531880037,
    147.7586582833537,
    195.7047442804154,
    111.21307676698896,
    105.73000098215593
  ],
  "episode_successes": [
    0,
    0,
    0,
    0,
    0,
    0,
    0,
    0,
    0,
    0,
    0,
    0,
    0,
    0,
    0,
    0,
    0,
    0,
    0,
    0,
    0,
    0,
    0,
    0,
    0,
    0,
    0,
    0,
    0,
    0,
    0,
    0,
    0,
    0,
    0,
    0,
    0,
    0,
    0,
    0,
    0,
    0,
    0,
    0,
    0,
    0,
    0,
    0,
    0,
    0
  ],
  "episode_lengths": [
    500,
    500,
    500,
    500,
    500,
    500,
    500,
    500,
    500,
    500,
    500,
    500,
    500,
    500,
    500,
    500,
    500,
    500,
    500,
    500,
    500,
    500,
    500,
    500,
    500,
    500,
    500,
    500,
    500,
    500,
    500,
    500,
    500,
    500,
    500,
    500,
    500,
    500,
    500,
    500,
    500,
    500,
    500,
    500,
    500,
    500,
    500,
    500,
    500,
    500
  ],
  "timestamp": "2025-12-02T17:18:36.309116"
}